Div,Date,HomeTeam,AwayTeam,FTHG,FTAG,FTR,HTHG,HTAG,HTR,Referee,HY,AY,HR,AR,B365H,B365D,B365A,BWH,BWD,BWA,IWH,IWD,IWA,LBH,LBD,LBA,PSH,PSD,PSA,WHH,WHD,WHA,VCH,VCD,VCA,Bb1X2,BbMxH,BbAvH,BbMxD,BbAvD,BbMxA,BbAvA,BbOU,BbMx>2.5,BbAv>2.5,BbMx<2.5,BbAv<2.5,BbAH,BbAHh,BbMxAHH,BbAvAHH,BbMxAHA,BbAvAHA,PSCH,PSCD,PSCA
EC,06/08/16,Barrow,Aldershot,1,0,H,1,0,H,A Miller,2,1,0,0,1.91,3.5,4,1.9,3.3,3.6,1.8,3.25,3.7,1.91,3.4,4,1.97,3.58,4.2,1.91,3.5,4,1.93,3.5,3.9,52,1.98,1.9,3.58,3.37,4.2,3.84,41,2.08,1.98,1.84,1.77,26,-0.5,1.99,1.91,1.96,1.88,1.97,3.6,4.15
EC,06/08/16,Boreham Wood,Forest Green,1,0,H,1,0,H,N Hair,3,1,0,0,3.4,3.4,2.1,3.3,3.25,2,3.3,3.1,2,3.6,3.3,2.05,3.72,3.54,2.11,3.4,3.5,2.1,3.6,3.25,2.1,52,3.72,3.41,3.54,3.26,2.16,2.07,39,2.2,2.09,1.75,1.68,23,0.5,1.82,1.72,2.19,2.08,3.56,3.31,2.27
EC,06/08/16,Bromley,Tranmere,0,2,A,0,2,A,R Whitton,2,2,0,0,3.2,3.4,2.2,3.1,3.25,2.1,3.1,3.1,2.05,3.3,3.3,2.15,3.42,3.56,2.21,3.2,3.3,2.25,3.3,3.4,2.15,52,3.42,3.22,3.56,3.24,2.25,2.16,40,2.07,1.98,1.85,1.77,26,0.25,2.04,1.94,1.95,1.87,3.91,3.7,2
EC,06/08/16,Dag and Red,Southport,3,0,H,2,0,H,C Hicks,0,0,0,0,1.67,3.8,5,1.65,3.6,4.5,1.65,3.45,4.4,1.73,3.6,4.75,1.74,3.88,5.16,1.57,3.8,5,1.7,3.75,4.8,52,1.74,1.69,3.88,3.53,5.25,4.76,41,2.02,1.9,1.95,1.84,27,-0.75,1.98,1.92,1.95,1.89,2.13,3.59,3.62
EC,06/08/16,Eastleigh,Guiseley,2,1,H,2,0,H,S Allison,1,1,0,0,1.45,4.33,6.5,1.44,4,6,1.45,3.85,5.5,1.5,4.2,6.5,1.5,4.62,7.12,1.5,4.2,6.5,1.5,4.2,6.5,52,1.54,1.48,4.62,4.15,7.12,6.08,37,1.78,1.73,2.13,2.01,27,-1,1.91,1.84,2.08,1.97,1.49,4.73,6.96
EC,06/08/16,Gateshead,Chester,3,0,H,0,0,D,P Wright,0,0,0,0,1.91,3.4,4,1.95,3.25,3.5,1.85,3.25,3.65,1.85,3.5,4,1.93,3.7,4.25,2,3.4,3.75,1.9,3.6,3.9,44,2,1.9,3.7,3.4,4.25,3.83,34,1.97,1.88,1.95,1.87,23,-0.5,1.96,1.9,1.99,1.91,1.88,3.74,4.42
EC,06/08/16,Macclesfield,Torquay,2,0,H,1,0,H,T Nield,0,2,0,0,2,3.5,3.6,2.05,3.1,3.3,2,3.1,3.25,2.1,3.25,3.6,2.15,3.4,3.78,2.1,3.4,3.5,2.05,3.3,3.6,52,2.15,2.06,3.5,3.26,3.78,3.45,37,2.17,2.06,1.75,1.69,26,-0.25,1.85,1.79,2.11,2.03,1.87,3.56,4.75
EC,06/08/16,Maidstone,York,1,1,D,1,0,H,D Rock,1,1,0,0,2.5,3.3,2.8,2.4,3.2,2.65,2.35,3.05,2.7,2.5,3.2,2.9,2.56,3.34,2.98,2.5,3.2,2.9,2.45,3.3,2.88,52,2.56,2.44,3.34,3.16,2.98,2.82,42,2.11,2.01,1.81,1.74,27,0,1.83,1.77,2.13,2.04,2.55,3.37,2.99
EC,06/08/16,North Ferriby,Braintree Town,0,0,D,0,0,D,T Bramall,2,0,0,0,2.9,3.3,2.4,2.7,3.2,2.35,2.8,2.95,2.3,3,3.2,2.4,3.13,3.34,2.46,2.9,3.2,2.5,3,3.2,2.4,52,3.13,2.9,3.34,3.12,2.55,2.4,37,2.33,2.17,1.7,1.63,26,0.25,1.83,1.76,2.17,2.07,3.05,3.38,2.48
EC,06/08/16,Sutton,Solihull,1,3,A,1,1,D,C Brook,2,3,0,0,1.91,3.6,3.75,2,3.25,3.3,1.85,3.25,3.55,1.95,3.4,3.8,1.99,3.61,4.09,1.91,3.6,3.8,1.93,3.5,3.9,52,2,1.93,3.61,3.41,4.09,3.7,41,2.02,1.92,1.9,1.83,26,-0.5,1.99,1.94,1.94,1.86,1.76,3.96,4.87
EC,06/08/16,Woking,Lincoln,1,3,A,0,1,A,J Johnson,2,3,0,0,3,3.2,2.38,2.65,3.1,2.45,2.75,3.1,2.25,2.9,3.3,2.3,3.15,3.47,2.38,2.88,3.25,2.3,2.9,3.4,2.38,52,3.15,2.88,3.47,3.22,2.45,2.35,41,1.97,1.88,1.95,1.87,24,0,2.23,2.11,1.79,1.72,3.13,3.67,2.31
EC,06/08/16,Wrexham,Dover Athletic,0,0,D,0,0,D,K Evans,0,0,0,0,1.95,3.6,3.6,2,3.3,3.25,1.9,3.2,3.45,2,3.4,3.6,2.06,3.59,3.82,2.1,3.5,3.4,2,3.4,3.75,52,2.1,2.01,3.6,3.34,3.82,3.51,40,2.07,1.98,1.85,1.78,23,-0.5,2.1,2,1.88,1.79,2.2,3.62,3.39
EC,09/08/16,Aldershot,Maidstone,1,0,H,0,0,D,N Hair,2,1,0,0,2.15,3.4,3.3,2.15,3.2,3,2.1,3.1,3.05,2.15,3.3,3.3,2.23,3.49,3.43,2.2,3.2,3.4,2.15,3.4,3.3,51,2.27,2.16,3.5,3.25,3.44,3.2,40,2.11,2,1.83,1.75,26,-0.25,1.94,1.88,2,1.92,2.31,3.47,3.28
EC,09/08/16,Braintree Town,Eastleigh,1,1,D,0,0,D,C Hatzidakis,1,1,0,0,3.1,3.4,2.25,3,3.1,2.2,3,2.95,2.2,3.3,3.2,2.25,3.43,3.38,2.29,3.3,3.2,2.25,3.3,3.2,2.25,51,3.43,3.15,3.4,3.14,2.4,2.24,36,2.34,2.23,1.64,1.6,26,0.25,1.96,1.89,1.97,1.92,3.19,3.28,2.44
EC,09/08/16,Chester,Dag and Red,3,0,H,2,0,H,T Nield,1,0,0,1,2.8,3.4,2.4,2.6,3.1,2.5,2.7,3.05,2.3,2.9,3.3,2.38,3.09,3.48,2.42,2.8,3.4,2.45,2.88,3.4,2.4,41,3.09,2.84,3.48,3.25,2.5,2.37,32,2.03,1.94,1.9,1.81,21,0.25,1.85,1.78,2.13,2.05,3.16,3.5,2.36
EC,09/08/16,Dover Athletic,Boreham Wood,1,4,A,1,0,H,D Treleaven,0,0,1,0,1.62,3.8,5.25,1.65,3.75,4.2,1.6,3.35,4.7,1.67,3.6,5.25,1.69,3.83,5.83,1.62,3.8,5.5,1.67,3.6,5.4,51,1.71,1.64,3.83,3.58,5.83,5.12,41,2.21,2.08,1.76,1.69,26,-0.75,1.96,1.88,2.01,1.93,1.74,3.72,5.51
EC,09/08/16,Forest Green,Sutton,1,1,D,1,0,H,A Bromley,1,3,0,0,1.57,4,5.5,1.45,4,5.75,1.5,3.65,5,1.57,3.8,5.75,1.58,4.22,6.34,1.62,3.8,5.5,1.57,4,5.75,51,1.62,1.55,4.23,3.9,6.36,5.49,40,1.95,1.85,1.97,1.88,28,-1,2.07,1.99,1.88,1.82,1.87,3.7,4.46
EC,09/08/16,Guiseley,Wrexham,2,3,A,1,1,D,J Johnson,2,1,0,0,3.5,3.6,2,3.4,3.2,2,3.4,3.2,1.9,3.6,3.5,2,3.87,3.67,2.02,3.75,3.4,2,3.8,3.5,1.95,51,3.87,3.54,3.67,3.4,2.05,1.97,40,1.99,1.9,1.95,1.84,26,0.5,1.9,1.82,2.05,1.98,3.45,3.6,2.18
EC,09/08/16,Lincoln,North Ferriby,6,1,H,4,1,H,R Whitton,0,3,0,1,1.44,4.2,7.5,1.45,3.9,6,1.35,4.1,6.5,1.4,4.33,8,1.42,4.81,8.84,1.44,4.5,7,1.4,4.6,8,51,1.45,1.4,4.81,4.38,8.84,7.12,39,1.83,1.75,2.12,2,24,-1.25,2.03,1.96,1.92,1.84,1.41,5.05,8.49
EC,09/08/16,Solihull,Woking,2,2,D,0,1,A,A Coggins,0,3,0,0,2.3,3.6,2.8,2.3,3.4,2.65,2.2,3.35,2.65,2.3,3.5,2.88,2.35,3.72,3.03,2.4,3.5,2.8,2.38,3.6,2.75,51,2.4,2.28,3.72,3.46,3.03,2.8,36,1.66,1.59,2.33,2.23,24,-0.25,2.11,2.03,1.88,1.78,2.25,3.78,3.17
EC,09/08/16,Southport,Gateshead,0,3,A,0,1,A,D Richardson,1,1,0,0,3.2,3.5,2.15,2.95,3.1,2.25,2.9,3.1,2.15,3.1,3.3,2.2,3.28,3.58,2.27,2.8,3.5,2.4,3.13,3.4,2.2,51,3.28,3.04,3.58,3.29,2.4,2.21,40,2.03,1.93,1.89,1.81,26,0.25,1.95,1.87,1.98,1.93,3.44,3.54,2.21
EC,09/08/16,Torquay,Bromley,1,0,H,1,0,H,S Allison,4,0,0,0,2.1,3.5,3.3,2,3.2,3.4,2.05,3.15,3.1,2.15,3.3,3.3,2.22,3.51,3.45,2.2,3.3,3.3,2.15,3.4,3.3,51,2.24,2.13,3.6,3.27,3.45,3.25,40,2.05,1.94,1.89,1.8,26,-0.25,1.93,1.86,2.02,1.95,2.24,3.49,3.42
EC,09/08/16,Tranmere,Barrow,2,0,H,1,0,H,T Bramall,1,2,0,0,1.62,3.75,5.5,1.7,3.5,4.2,1.6,3.5,4.7,1.65,3.75,5.25,1.67,3.98,5.77,1.67,3.8,5,1.62,3.9,5.5,51,1.68,1.63,3.98,3.67,5.77,5.08,40,2.05,1.95,1.87,1.79,26,-0.75,1.9,1.84,2.07,1.97,1.67,3.98,5.77
EC,09/08/16,York,Macclesfield,1,0,H,0,0,D,S Ross,1,2,0,0,2.3,3.25,3.1,2.2,3.2,2.9,2.25,2.95,2.85,2.4,3.1,3,2.47,3.34,3.12,2.3,3.2,3.2,2.45,3.13,3,51,2.5,2.36,3.34,3.1,3.2,2.95,36,2.34,2.22,1.66,1.6,26,-0.25,2.17,2.07,1.82,1.75,2.33,3.31,3.4
EC,13/08/16,Aldershot,Wrexham,2,0,H,1,0,H,C Hicks,0,2,0,0,3.1,3.25,2.3,2.7,3.2,2.35,,,,3,3.25,2.38,3.1,3.4,2.45,3,3.2,2.4,3,3.3,2.38,48,3.1,2.95,3.4,3.19,2.46,2.34,38,2.1,1.99,1.86,1.77,23,0.25,1.86,1.79,2.11,2.02,2.82,3.38,2.67
EC,13/08/16,Braintree Town,Macclesfield,1,3,A,0,2,A,A Serrano,2,2,1,1,2.3,3.25,3.1,2.25,3,3,,,,2.4,3.1,3,2.49,3.27,3.14,2.4,3.1,3.1,2.4,3.13,3.1,49,2.5,2.37,3.3,3.11,3.14,2.96,35,2.38,2.25,1.65,1.59,24,-0.25,2.12,2.04,1.83,1.78,2.37,3.31,3.33
EC,13/08/16,Chester,Maidstone,1,3,A,1,1,D,D Richardson,1,3,1,0,2.25,3.2,3.25,2.25,3.2,2.85,,,,2.3,3.3,3.1,2.35,3.44,3.24,2.38,3.2,3.1,2.3,3.4,3,40,2.38,2.27,3.44,3.24,3.25,3.05,31,2.05,1.95,1.89,1.81,18,-0.25,2.04,1.97,1.91,1.85,2.13,3.63,3.58
EC,13/08/16,Dover Athletic,North Ferriby,2,0,H,1,0,H,C O'Donnell,1,2,0,0,1.44,4.2,7.5,1.44,4,6,,,,1.44,4.33,7,1.45,4.79,7.86,1.5,4,7,1.44,4.4,7,49,1.5,1.44,4.79,4.22,7.86,6.79,40,1.81,1.74,2.18,2.04,25,-1,1.78,1.73,2.22,2.09,1.46,4.87,7.33
EC,13/08/16,Forest Green,Gateshead,1,0,H,0,0,D,R Whitton,2,1,0,0,1.91,3.4,4,1.9,3.3,3.6,,,,1.91,3.4,4,1.96,3.61,4.2,1.95,3.4,4,1.93,3.5,3.9,49,1.98,1.9,3.65,3.4,4.2,3.82,39,2.06,1.94,1.93,1.81,24,-0.5,1.99,1.92,1.96,1.87,1.99,3.59,4.11
EC,13/08/16,Guiseley,Dag and Red,0,2,A,0,1,A,S Ross,0,0,0,0,2.8,3.25,2.5,3,3.3,2.1,,,,2.8,3.4,2.4,2.86,3.61,2.51,2.75,3.4,2.5,2.75,3.6,2.4,48,3,2.76,3.61,3.35,2.51,2.38,39,1.75,1.67,2.25,2.12,23,0.25,1.81,1.75,2.16,2.06,2.9,3.54,2.52
EC,13/08/16,Lincoln,Sutton,1,3,A,0,1,A,S Barrow,4,2,1,0,1.6,3.8,5.75,1.62,3.6,4.75,,,,1.62,3.8,5.25,1.65,4.19,5.6,1.67,3.8,5,1.62,4.1,5.2,49,1.67,1.61,4.19,3.86,5.75,5.01,35,1.75,1.67,2.23,2.1,24,-0.75,1.84,1.79,2.12,2.03,1.69,4.07,5.26
EC,13/08/16,Solihull,Bromley,1,0,H,1,0,H,N Hair,1,1,0,0,2.2,3.4,3.2,2.2,3.3,2.85,,,,2.1,3.5,3.3,2.15,3.67,3.48,2.1,3.4,3.4,2.1,3.6,3.25,49,2.2,2.1,3.67,3.39,3.5,3.22,35,1.77,1.69,2.15,2.07,24,-0.25,1.89,1.85,2.05,1.96,2.32,3.62,3.15
EC,13/08/16,Southport,Woking,2,1,H,1,1,D,T Nield,0,0,0,0,2.15,3.4,3.3,2.2,3.4,2.75,,,,2.2,3.5,3,2.29,3.7,3.15,2.2,3.3,3.3,2.2,3.7,3,49,2.29,2.19,3.7,3.4,3.3,3.03,34,1.7,1.63,2.28,2.16,23,-0.25,1.99,1.92,1.97,1.88,2.36,3.66,3.06
EC,13/08/16,Torquay,Barrow,1,1,D,1,0,H,D Rock,1,2,0,0,2.3,3.4,3,2.25,3.2,2.85,,,,2.4,3.3,2.9,2.5,3.44,2.99,2.4,3.2,3,2.4,3.4,2.9,49,2.5,2.37,3.44,3.26,3,2.84,39,2.04,1.94,1.88,1.81,24,-0.25,2.15,2.05,1.81,1.76,2.5,3.43,2.99
EC,13/08/16,Tranmere,Eastleigh,2,1,H,1,1,D,K Evans,2,2,0,0,2.1,3.25,3.6,1.9,3.3,3.6,,,,2.15,3.3,3.4,2.18,3.46,3.6,2.2,3.3,3.3,2.15,3.4,3.3,49,2.2,2.1,3.46,3.25,3.6,3.36,39,2.09,1.98,1.86,1.77,23,-0.5,2.19,2.12,1.78,1.71,1.93,3.61,4.39
EC,13/08/16,York,Boreham Wood,1,1,D,0,0,D,P Wright,2,2,0,0,2,3.5,3.6,1.91,3.25,3.6,,,,2,3.25,3.8,2.05,3.45,4.02,2,3.4,3.75,2,3.3,3.9,49,2.06,1.99,3.5,3.27,4.03,3.68,35,2.25,2.16,1.71,1.64,24,-0.5,2.07,2,1.87,1.8,2.3,3.46,3.33
EC,16/08/16,Barrow,Chester,3,2,H,2,0,H,R Johnson,2,2,0,0,1.95,3.5,3.75,1.85,3.3,3.75,1.9,3.25,3.4,2,3.5,3.6,2.04,3.64,3.84,1.91,3.5,4,1.95,3.6,3.75,43,2.04,1.96,3.64,3.39,4,3.61,32,1.97,1.86,1.98,1.87,20,-0.5,2.05,1.98,1.9,1.83,2,3.72,3.89
EC,16/08/16,Boreham Wood,Tranmere,0,1,A,0,1,A,G Jerden,0,4,1,0,3.5,3.3,2.1,3.7,3.1,1.95,3.15,3.05,2.05,3.3,3.25,2.2,3.63,3.28,2.25,3.5,3.3,2.1,3.4,3.25,2.2,48,3.7,3.29,3.36,3.21,2.26,2.15,37,2.34,2.17,1.68,1.63,22,0.25,1.99,1.92,1.96,1.89,3.36,3.27,2.37
EC,16/08/16,Bromley,Aldershot,2,2,D,1,2,A,D Rock,3,1,0,0,2.5,3.4,2.7,2.5,3,2.65,2.35,3.05,2.65,2.5,3.3,2.75,2.62,3.41,2.86,2.6,3.3,2.6,2.5,3.4,2.75,50,2.62,2.46,3.41,3.2,2.86,2.74,38,2.07,1.96,1.86,1.78,24,0,1.88,1.81,2.06,2,2.65,3.43,2.8
EC,16/08/16,Dag and Red,Lincoln,1,0,H,1,0,H,S Dröge,2,3,0,0,2.3,3.6,2.8,2.25,3.25,2.8,2.25,3.25,2.65,2.4,3.4,2.8,2.45,3.6,2.95,2.3,3.4,3,2.4,3.5,2.8,51,2.47,2.35,3.6,3.36,3,2.77,38,1.77,1.72,2.14,2.02,21,0,1.82,1.77,2.13,2.05,2.47,3.6,2.92
EC,16/08/16,Eastleigh,Dover Athletic,2,4,A,0,0,D,R Whitton,1,0,0,0,1.91,3.6,3.75,1.9,3.25,3.6,1.85,3.2,3.55,1.95,3.4,3.8,1.99,3.68,3.99,2,3.4,3.8,1.95,3.5,3.8,50,2.01,1.93,3.68,3.38,3.99,3.71,38,2.06,1.96,1.91,1.78,22,-0.5,2.02,1.94,1.92,1.85,2.19,3.56,3.47
EC,16/08/16,Gateshead,York,6,1,H,1,1,D,J Johnson,1,2,0,0,2,3.5,3.5,2,3.1,3.5,2,3.1,3.25,2.05,3.4,3.5,2.12,3.51,3.73,2.15,3.3,3.4,2.05,3.4,3.6,50,2.15,2.05,3.51,3.29,3.73,3.42,37,2.13,1.99,1.83,1.74,23,-0.25,1.84,1.79,2.1,2.02,2.15,3.56,3.57
EC,16/08/16,Macclesfield,Southport,3,1,H,3,0,H,K Evans,0,0,0,0,1.75,3.75,4.5,1.8,3.25,4,1.7,3.35,4.15,1.75,3.5,4.5,1.81,3.71,4.95,1.8,3.6,4.33,1.8,3.6,4.5,50,1.82,1.76,3.75,3.5,4.95,4.38,38,2.07,1.97,1.86,1.77,22,-0.75,2.08,2.02,1.85,1.79,1.76,3.74,5.31
EC,16/08/16,Maidstone,Braintree Town,2,1,H,2,0,H,C O'Donnell,2,1,0,1,2.4,3.4,2.8,2.3,2.95,3,2.35,3,2.7,2.5,3.2,2.9,2.55,3.33,3,2.3,3.3,3.1,2.5,3.2,2.88,50,2.55,2.43,3.4,3.16,3.1,2.81,36,2.23,2.15,1.71,1.63,23,0,1.84,1.78,2.12,2.02,2.3,3.38,3.39
EC,16/08/16,North Ferriby,Guiseley,3,2,H,2,1,H,A Miller,1,1,0,0,2.9,3.4,2.35,2.55,3.2,2.45,2.65,3.2,2.25,2.9,3.4,2.3,3.03,3.6,2.4,2.88,3.4,2.38,2.88,3.6,2.3,50,3.03,2.83,3.6,3.33,2.45,2.33,40,1.81,1.72,2.16,2.03,22,0.25,1.85,1.78,2.1,2.03,2.78,3.56,2.61
EC,16/08/16,Sutton,Torquay,2,0,H,1,0,H,C O'Donnell,1,2,0,1,1.85,3.6,4,1.85,3.4,3.6,1.8,3.35,3.6,1.85,3.5,4,1.9,3.77,4.27,1.95,3.6,3.75,1.91,3.4,4.1,50,1.95,1.86,3.78,3.48,4.32,3.89,39,1.85,1.77,2.07,1.97,23,-0.5,1.94,1.88,2.03,1.92,1.77,3.89,4.94
EC,16/08/16,Woking,Forest Green,0,1,A,0,1,A,C Hatzidakis,1,1,0,0,3.8,3.8,1.85,3.5,3.25,1.95,3.55,3.35,1.8,3.8,3.6,1.91,3.99,3.77,1.96,3.75,3.6,1.95,3.8,3.6,1.93,52,3.99,3.74,3.8,3.55,1.96,1.88,39,1.87,1.76,2.08,1.98,23,0.5,1.96,1.89,1.97,1.89,3.95,3.81,1.96
EC,16/08/16,Wrexham,Solihull,1,0,H,0,0,D,A Backhouse,1,1,0,0,1.75,3.75,4.5,1.65,3.5,4.5,1.7,3.45,3.95,1.75,3.6,4.33,1.82,3.9,4.55,1.8,3.75,4.2,1.75,3.8,4.4,51,1.82,1.75,3.9,3.62,4.8,4.27,37,1.85,1.75,2.11,1.98,24,-0.75,2.08,2,1.86,1.81,1.83,3.99,4.4
EC,20/08/16,Boreham Wood,Chester,1,1,D,1,0,H,A Quelch,0,1,0,0,2,3.3,3.75,2.05,3.2,3.2,2,3.1,3.2,2.1,3.3,3.4,2.16,3.52,3.59,2.25,3.4,3.1,2.1,3.4,3.5,42,2.25,2.08,3.52,3.31,3.75,3.36,34,2.01,1.93,1.89,1.8,22,-0.25,1.87,1.81,2.09,2.01,1.96,3.6,4.2
EC,20/08/16,Braintree Town,Aldershot,2,0,H,1,0,H,D Treleaven,0,1,0,0,2.38,3.2,3,2.2,3.1,3,2.3,3,2.8,2.4,3.25,2.9,2.53,3.37,3.01,2.25,3.4,3.1,2.5,3.25,2.88,51,2.56,2.39,3.4,3.17,3.1,2.88,38,2.2,2.09,1.75,1.68,24,-0.25,2.21,2.11,1.78,1.72,2.6,3.27,2.99
EC,20/08/16,Bromley,Gateshead,3,2,H,3,1,H,C Hicks,1,1,1,1,4.33,3.5,1.85,3.6,3.25,1.9,3.55,3.25,1.85,3.75,3.5,1.95,4.01,3.62,2,3.5,3.3,2.1,3.7,3.6,1.95,51,4.33,3.72,3.62,3.4,2.1,1.93,40,1.91,1.82,2.02,1.92,24,0.5,1.92,1.84,2.02,1.95,3.51,3.6,2.16
EC,20/08/16,Dover Athletic,Barrow,3,1,H,1,0,H,N Hair,2,1,0,0,1.73,3.5,5,1.8,3.3,4,1.75,3.45,3.85,1.8,3.6,4.2,1.85,3.87,4.44,1.8,3.75,4.2,1.8,3.8,4.1,51,1.85,1.78,3.9,3.6,5,4.13,38,1.79,1.71,2.12,2.04,25,-0.5,1.86,1.81,2.08,1.99,1.75,3.9,5.1
EC,20/08/16,Forest Green,York,2,1,H,1,1,D,S Rushton,2,5,0,1,1.5,4,6.5,1.53,3.75,5.25,1.5,3.65,5.25,1.55,3.8,6,1.57,4.19,6.67,1.57,4,5.5,1.5,3.8,5.75,51,1.61,1.54,4.19,3.88,6.67,5.78,39,2.02,1.9,1.93,1.84,24,-0.75,1.75,1.7,2.29,2.14,1.55,4.29,6.88
EC,20/08/16,Lincoln,Southport,4,0,H,3,0,H,A Coggins,1,2,0,1,1.57,4,5.5,1.57,3.7,5,1.5,3.75,4.85,1.57,4,5.5,1.58,4.37,6.09,1.57,3.75,6,1.55,4.2,5.5,51,1.62,1.55,4.37,3.97,6.1,5.39,39,1.73,1.66,2.24,2.12,24,-0.75,1.75,1.7,2.26,2.13,1.6,4.34,5.98
EC,20/08/16,North Ferriby,Torquay,1,0,H,0,0,D,R Johnson,0,3,0,0,3.1,3.4,2.25,2.8,3.2,2.25,2.8,3.15,2.2,3,3.4,2.3,3.13,3.58,2.35,3.2,3.3,2.25,2.9,3.5,2.3,51,3.2,2.94,3.6,3.3,2.38,2.28,40,1.86,1.78,2.06,1.96,25,0.25,1.89,1.82,2.05,1.99,3.08,3.53,2.39
EC,20/08/16,Solihull,Guiseley,3,2,H,1,1,D,A Serrano,0,2,0,0,1.91,3.4,4,2.05,3.3,3.1,1.9,3.25,3.4,1.95,3.6,3.6,2.01,3.79,3.78,2.1,3.3,3.5,1.95,3.7,3.6,51,2.1,1.97,3.79,3.42,4,3.54,41,1.85,1.74,2.15,2.01,24,-0.25,1.77,1.72,2.21,2.12,2.27,3.48,3.36
EC,20/08/16,Sutton,Macclesfield,2,0,H,2,0,H,C Hatzidakis,3,3,0,1,1.95,3.5,3.75,2.05,3.25,3.2,1.9,3.15,3.5,2,3.4,3.6,2.08,3.59,3.78,2.1,3.3,3.5,2,3.5,3.6,51,2.1,1.98,3.59,3.32,3.8,3.61,40,2,1.9,1.92,1.83,24,-0.25,1.8,1.73,2.18,2.1,2.3,3.45,3.33
EC,20/08/16,Tranmere,Maidstone,2,1,H,1,0,H,A Buckhouse,0,0,0,0,1.4,4.5,7.5,1.48,3.75,6,1.4,3.9,6.25,1.44,4,7.5,1.47,4.45,8.21,1.5,4.2,6.5,1.44,4.3,7.5,51,1.51,1.44,4.5,4.14,8.22,6.92,39,2.01,1.87,1.96,1.86,26,-1,1.84,1.76,2.15,2.05,1.51,4.38,7.38
EC,20/08/16,Woking,Dag and Red,1,3,A,0,3,A,A Bromley,0,0,0,0,3.75,3.6,1.91,3.4,3.25,1.95,3.5,3.3,1.85,3.8,3.6,1.91,4.03,3.74,1.96,3.75,3.6,1.95,3.9,3.7,1.87,51,4.03,3.74,3.75,3.49,2.05,1.9,38,1.8,1.74,2.12,1.99,24,0.5,2,1.9,1.95,1.89,3.64,3.55,2.13
EC,20/08/16,Wrexham,Eastleigh,0,0,D,0,0,D,T Nield,0,0,0,0,2.38,3.3,2.9,2.25,3.1,2.9,2.25,3.1,2.75,2.38,3.4,2.9,2.46,3.52,2.99,2.38,3.3,2.9,2.38,3.4,2.88,51,2.46,2.33,3.52,3.27,3.1,2.88,39,1.9,1.82,2.02,1.91,25,-0.25,2.1,2.03,1.83,1.78,2.53,3.45,2.94
EC,27/08/16,Aldershot,North Ferriby,2,0,H,2,0,H,S Allison,1,0,0,0,1.57,3.8,6,1.6,3.5,5,1.55,3.6,4.95,1.62,3.75,5.75,1.65,3.92,6.09,1.67,3.5,4.5,1.62,3.9,5.5,50,1.67,1.6,3.95,3.73,6.09,5.25,39,2.02,1.88,1.93,1.85,23,-0.75,1.85,1.78,2.12,2.03,1.59,4.37,5.98
EC,27/08/16,Barrow,Braintree Town,2,1,H,1,1,D,P Wright,3,3,0,0,2.05,3.4,3.5,2,3.3,3.25,1.95,3.15,3.3,2.05,3.3,3.6,2.11,3.46,3.81,2.05,3.25,3.4,2.1,3.4,3.5,49,2.12,2.04,3.5,3.31,3.81,3.42,38,2.05,1.96,1.88,1.78,22,-0.5,2.14,2.04,1.83,1.76,2.09,3.5,3.85
EC,27/08/16,Chester,Sutton,4,0,H,2,0,H,S Rushton,3,2,0,0,2.9,3.5,2.3,2.6,3.25,2.4,2.7,3.15,2.3,2.88,3.3,2.4,2.94,3.47,2.53,2.75,3.3,2.38,2.88,3.4,2.38,36,2.94,2.81,3.5,3.28,2.53,2.37,32,1.9,1.83,2.01,1.91,17,0,2.16,2.08,1.8,1.75,3.14,3.58,2.34
EC,27/08/16,Dag and Red,Wrexham,3,0,H,3,0,H,C Hatzidakis,1,0,0,0,2.05,3.4,3.6,1.95,3.3,3.4,1.95,3.15,3.35,2,3.3,3.6,2.08,3.48,3.88,2,3.2,3.6,2.05,3.4,3.6,50,2.1,2.01,3.52,3.29,3.88,3.53,35,2.05,1.94,1.89,1.78,23,-0.25,1.8,1.76,2.14,2.07,2.11,3.46,3.8
EC,27/08/16,Eastleigh,Solihull,2,0,H,0,0,D,N Hair,1,0,0,0,1.6,3.8,5.75,1.6,3.75,4.6,1.55,3.65,4.7,1.62,4,5,1.65,4.2,5.45,1.67,3.75,4.5,1.62,4,5.2,50,1.67,1.61,4.21,3.85,5.75,4.97,35,1.79,1.71,2.12,2.04,23,-0.75,1.85,1.8,2.11,2.02,1.72,4.02,5.07
EC,27/08/16,Gateshead,Boreham Wood,1,1,D,1,1,D,R Johnson,0,1,0,0,2.05,3.3,3.6,1.95,3.3,3.4,1.95,3.15,3.3,2.05,3.3,3.6,2.13,3.48,3.72,2.05,3.25,3.4,2.1,3.4,3.5,50,2.15,2.05,3.55,3.3,3.72,3.42,39,2.02,1.91,1.95,1.82,23,-0.5,2.14,2.06,1.81,1.75,2.1,3.49,3.8
EC,27/08/16,Guiseley,Bromley,1,4,A,0,0,D,T Bramall,2,1,0,0,2.3,3.6,2.8,2.25,3.3,2.75,2.25,3.25,2.65,2.4,3.3,2.8,2.51,3.48,2.94,2.38,3.3,2.75,2.4,3.5,2.8,50,2.51,2.38,3.6,3.32,2.94,2.76,35,1.8,1.72,2.13,2.02,22,0,1.84,1.78,2.12,2.04,2.34,3.52,3.19
EC,27/08/16,Macclesfield,Lincoln,1,2,A,1,0,H,A Miller,0,0,0,0,2.38,3.4,2.9,2.35,3.2,2.7,2.3,3.1,2.7,2.4,3.3,2.88,2.51,3.44,2.98,2.45,3.2,2.7,2.45,3.4,2.8,50,2.51,2.4,3.5,3.23,2.98,2.79,39,1.95,1.86,2,1.87,22,0,1.83,1.76,2.15,2.05,2.66,3.45,2.79
EC,27/08/16,Maidstone,Forest Green,1,4,A,1,2,A,C Hicks,2,1,0,0,4,3.6,1.85,3.25,3.3,2,3.55,3.15,1.85,4,3.3,1.95,4.17,3.49,2,3.6,3.2,2,3.9,3.4,1.95,50,4.18,3.74,3.6,3.32,2.05,1.94,35,2.1,2,1.83,1.73,23,0.25,2.26,2.17,1.73,1.69,3.36,3.46,2.28
EC,27/08/16,Southport,Tranmere,1,1,D,0,0,D,S Ross,4,1,0,0,5,4,1.62,4.5,3.5,1.65,4.5,3.5,1.6,5,3.8,1.67,5.38,4.02,1.69,4,3.5,1.8,4.8,3.8,1.7,50,5.39,4.74,4.03,3.7,1.8,1.66,39,1.94,1.86,1.97,1.88,23,0.75,2.03,1.96,1.9,1.85,6.3,4.27,1.58
EC,27/08/16,Torquay,Dover Athletic,2,1,H,0,0,D,A Quelch,2,2,0,0,2.9,3.5,2.3,2.85,3.1,2.3,2.8,3.15,2.2,3,3.3,2.3,3.15,3.52,2.36,2.88,3.25,2.3,3,3.4,2.3,50,3.15,2.93,3.55,3.28,2.37,2.28,39,1.93,1.86,1.98,1.87,23,0.25,1.88,1.82,2.05,1.99,3.8,3.8,2.01
EC,27/08/16,York,Woking,4,1,H,4,1,H,D Richardson,1,1,0,0,2,3.6,3.5,1.91,3.3,3.5,1.9,3.35,3.35,2,3.4,3.6,2.05,3.61,3.84,2,3.5,3.3,2,3.6,3.5,50,2.05,1.98,3.65,3.42,3.84,3.49,39,1.84,1.77,2.07,1.98,23,-0.5,2.05,1.99,1.87,1.81,1.88,3.92,4.21
EC,29/08/16,Boreham Wood,Maidstone,0,1,A,0,0,D,S Barrow,0,2,0,0,1.8,3.6,4.33,1.85,3.4,3.6,1.75,3.3,4.05,1.8,3.5,4.33,1.83,3.76,4.67,1.91,3.3,3.8,1.8,3.6,4.4,51,1.91,1.81,3.77,3.5,4.68,4.16,37,2.06,1.95,1.88,1.8,24,-0.5,1.85,1.81,2.1,2,1.98,3.46,4.34
EC,29/08/16,Braintree Town,Torquay,1,3,A,1,2,A,C Brook,2,1,0,0,1.95,3.3,4,1.85,3.3,3.7,1.85,3.15,3.6,2,3.4,3.75,2.04,3.57,3.92,2,3.2,3.6,2,3.4,3.75,51,2.05,1.96,3.57,3.31,4,3.71,36,2.1,2.01,1.83,1.74,24,-0.5,2.05,1.98,1.88,1.82,2.2,3.43,3.57
EC,29/08/16,Bromley,Eastleigh,0,5,A,0,2,A,C Hicks,0,1,1,0,3.1,3.4,2.25,2.85,3.2,2.25,2.75,3.1,2.25,2.9,3.4,2.38,2.98,3.53,2.46,2.88,3.25,2.3,2.9,3.4,2.38,51,3.1,2.87,3.53,3.29,2.46,2.34,37,1.93,1.85,2.01,1.89,24,0.25,1.84,1.79,2.14,2.04,2.71,3.53,2.68
EC,29/08/16,Dover Athletic,Aldershot,1,2,A,1,2,A,C Hatzidakis,3,2,0,0,1.67,3.5,5.5,1.7,3.6,4.1,1.6,3.5,4.45,1.7,3.8,4.75,1.74,4.03,4.96,1.67,3.6,4.75,1.67,4,4.8,51,1.74,1.66,4.03,3.75,5.5,4.73,38,1.8,1.7,2.2,2.07,24,-0.75,1.93,1.87,2,1.95,1.66,4.22,5.38
EC,29/08/16,Forest Green,Southport,5,1,H,2,0,H,A Quelch,0,1,0,0,1.36,4.6,8.5,1.33,4.6,7,1.35,4.35,6.75,1.36,4.75,8,1.38,5.34,9.03,1.36,4.5,7.5,1.36,5,8,51,1.41,1.35,5.34,4.77,9.44,7.78,33,1.67,1.61,2.32,2.21,25,-1.5,2.15,2.04,1.83,1.77,1.32,5.76,10.56
EC,29/08/16,Lincoln,Gateshead,3,0,H,1,0,H,T Bramall,1,2,0,0,1.83,3.6,4.2,1.85,3.4,3.6,1.75,3.5,3.7,1.85,3.6,4,1.91,3.86,4.13,1.83,3.6,3.75,1.85,3.8,3.9,51,1.91,1.84,3.86,3.62,4.2,3.82,33,1.68,1.63,2.28,2.16,24,-0.5,1.91,1.84,2.03,1.95,1.94,3.77,4.07
EC,29/08/16,North Ferriby,Barrow,0,1,A,0,0,D,S Ross,0,3,0,0,3.6,3.5,2,3,3.3,2.1,3.2,3.25,1.95,3.5,3.5,2.05,3.68,3.66,2.08,3.3,3.5,2,3.4,3.6,2.05,51,3.75,3.4,3.7,3.4,2.11,2.03,38,1.83,1.74,2.12,2.02,24,0.25,2.14,2.05,1.84,1.78,3.45,3.64,2.17
EC,29/08/16,Solihull,Macclesfield,2,3,A,2,1,H,J Johnson,3,2,0,0,2.5,3.25,2.8,2.5,3.3,2.45,2.4,3.1,2.55,2.5,3.3,2.7,2.59,3.53,2.81,2.4,3.3,2.7,2.5,3.5,2.7,51,2.6,2.48,3.55,3.26,2.81,2.69,37,1.92,1.83,2.02,1.91,23,0,1.9,1.84,2.05,1.96,2.71,3.31,2.81
EC,29/08/16,Sutton,Dag and Red,1,0,H,1,0,H,D Rock,5,1,1,0,2.2,3.4,3.2,2.35,3.4,2.55,2.2,3.15,2.75,2.3,3.4,3,2.35,3.6,3.11,2.25,3.4,2.88,2.3,3.5,2.9,51,2.4,2.29,3.6,3.33,3.2,2.91,38,1.84,1.76,2.1,1.99,22,-0.25,2.06,1.99,1.89,1.82,2.36,3.68,3.03
EC,29/08/16,Tranmere,Guiseley,1,0,H,1,0,H,S Rushton,0,2,0,0,1.33,4.75,9.5,1.3,4.75,7.75,1.3,4.3,7.25,1.36,4.75,8,1.41,5,8.69,1.33,4.5,8.5,1.36,4.8,8.5,51,1.42,1.35,5.33,4.67,9.5,8.15,38,1.78,1.7,2.19,2.08,21,-1.25,1.92,1.83,2.05,1.99,1.27,6.17,13.08
EC,29/08/16,Woking,Chester,3,1,H,2,1,H,R Whitton,3,3,0,0,2.4,3.4,2.8,2.4,3.4,2.5,2.3,3.25,2.6,2.4,3.5,2.7,2.53,3.68,2.8,2.4,3.3,2.7,2.4,3.6,2.75,45,2.54,2.4,3.68,3.39,2.9,2.72,29,1.66,1.61,2.32,2.2,20,0,1.87,1.8,2.09,2.02,2.57,3.66,2.75
EC,29/08/16,Wrexham,York,2,1,H,1,1,D,R Johnson,0,2,0,0,1.95,3.6,3.6,2.1,3.4,2.95,1.95,3.25,3.2,2.05,3.4,3.4,2.13,3.6,3.6,2.05,3.4,3.25,2,3.6,3.5,51,2.13,2.04,3.7,3.38,3.65,3.38,37,1.91,1.83,2,1.92,19,-0.25,1.85,1.79,2.09,2.03,2.14,3.51,3.66
EC,03/09/16,Aldershot,Tranmere,3,1,H,1,1,D,C Brook,1,4,0,0,4,3.5,1.91,3.6,3.25,1.9,3.8,3.15,1.8,4.2,3.4,1.91,4.45,3.5,1.94,4.5,3.4,1.83,4.2,3.4,1.9,52,4.5,4.04,3.5,3.33,1.95,1.87,37,2.29,2.14,1.72,1.66,25,0.5,1.98,1.9,1.97,1.9,3.21,3.3,2.44
EC,03/09/16,Barrow,Bromley,1,1,D,1,0,H,K Evans,4,0,0,0,1.83,3.75,4,1.83,3.3,3.8,1.75,3.45,3.65,1.85,3.6,4,1.9,3.83,4.19,1.83,3.4,4.5,1.87,3.75,3.9,51,1.9,1.84,3.83,3.56,4.5,3.84,30,1.77,1.69,2.15,2.08,24,-0.5,1.91,1.86,2.02,1.94,1.85,3.84,4.43
EC,03/09/16,Chester,Forest Green,1,2,A,0,1,A,A Miller,2,4,0,0,3.8,3.6,1.91,3.75,3.4,1.83,3.5,3.4,1.8,3.75,3.6,1.91,3.88,3.85,1.97,4,3.5,1.91,3.8,3.7,1.9,46,4,3.7,3.85,3.51,1.97,1.89,27,1.73,1.68,2.24,2.08,21,0.5,1.97,1.91,1.97,1.9,3.81,3.8,2
EC,03/09/16,Dag and Red,Boreham Wood,0,2,A,0,0,D,A Coggins,1,1,0,0,1.91,3.6,3.75,1.85,3.25,3.8,1.85,3.2,3.6,1.91,3.5,3.8,1.95,3.65,4.17,1.91,3.5,4,1.91,3.5,4,51,1.95,1.9,3.65,3.41,4.17,3.76,34,2.1,1.96,1.88,1.79,24,-0.5,1.97,1.92,1.96,1.88,2.14,3.59,3.57
EC,03/09/16,Eastleigh,North Ferriby,2,0,H,1,0,H,A Serrano,0,0,0,0,1.33,5,9,1.3,4.75,7.75,1.3,4.55,7.25,1.33,5,9,1.33,5.73,9.92,1.33,4.5,11,1.33,5.2,8.5,51,1.37,1.31,5.73,4.98,11,8.56,31,1.63,1.57,2.43,2.27,27,-1.5,2.04,1.94,1.94,1.86,1.3,6,10.8
EC,03/09/16,Gateshead,Sutton,1,0,H,0,0,D,S Ross,3,0,0,0,2.15,3.4,3.25,2.05,3.2,3.25,2.1,3.2,2.95,2.15,3.4,3.2,2.25,3.57,3.34,2.2,3.3,3.3,2.2,3.5,3.13,52,2.25,2.16,3.57,3.33,3.34,3.12,30,1.83,1.73,2.08,2.02,24,-0.25,1.97,1.9,1.97,1.91,2.13,3.53,3.67
EC,03/09/16,Guiseley,Braintree Town,0,0,D,0,0,D,M Coy,0,0,0,0,2.75,3.4,2.5,2.55,3.2,2.45,2.6,3.1,2.35,2.8,3.25,2.5,2.9,3.39,2.61,3,3.2,2.4,2.7,3.5,2.5,50,3,2.73,3.5,3.23,2.61,2.46,31,1.97,1.82,2,1.9,25,0,2.05,2,1.89,1.82,2.83,3.42,2.63
EC,03/09/16,Macclesfield,Woking,3,1,H,2,0,H,S Barrow,1,1,0,0,1.67,3.8,5,1.67,3.4,4.6,1.6,3.6,4.55,1.62,3.8,5,1.65,4.21,5.49,1.73,3.8,4.5,1.65,4,5,52,1.73,1.64,4.21,3.74,5.49,4.86,32,1.78,1.71,2.17,2.05,18,-0.5,1.69,1.64,2.34,2.21,1.78,3.98,4.71
EC,03/09/16,Maidstone,Wrexham,2,2,D,1,1,D,R Whitton,0,1,0,0,2.63,3.3,2.6,2.6,3.2,2.45,2.5,3.05,2.5,2.62,3.2,2.7,2.71,3.33,2.81,2.7,3.1,2.7,2.6,3.3,2.7,51,2.75,2.6,3.5,3.15,2.81,2.61,35,2.03,1.93,1.88,1.81,24,0,1.98,1.89,2.01,1.92,2.54,3.48,2.91
EC,03/09/16,Southport,Dover Athletic,0,1,A,0,1,A,S Rushton,3,2,0,0,4.33,3.75,1.75,4.33,3.4,1.72,3.85,3.45,1.7,4.2,3.8,1.8,4.32,4.03,1.83,4.5,3.5,1.8,4.2,3.8,1.8,52,4.5,4.15,4.03,3.61,1.84,1.77,31,1.73,1.68,2.22,2.08,18,0.75,1.85,1.8,2.09,2.01,4.57,3.71,1.86
EC,03/09/16,Torquay,Lincoln,1,2,A,1,1,D,C Hicks,2,1,0,0,3.6,3.6,1.95,3.2,3.2,2.05,3.25,3.25,1.95,3.5,3.5,2,3.68,3.73,2.06,3.4,3.6,2.05,3.4,3.6,2.05,48,3.7,3.46,3.73,3.39,2.06,2.01,30,1.78,1.72,2.13,2.02,17,0.25,2.15,2.06,1.81,1.76,3.7,3.65,2.08
EC,03/09/16,York,Solihull,4,0,H,1,0,H,T Bramall,0,2,0,0,1.91,3.6,3.8,1.87,3.3,3.7,1.85,3.35,3.45,1.91,3.6,3.8,1.95,3.83,3.99,2,3.5,3.6,1.9,3.75,3.75,51,2,1.91,3.83,3.54,3.99,3.63,31,1.72,1.66,2.22,2.12,25,-0.5,1.95,1.91,1.98,1.89,1.91,3.84,4.15
EC,10/09/16,Aldershot,Chester,0,0,D,0,0,D,A Coggins,3,2,0,0,1.8,3.75,4.2,1.7,3.6,4.1,1.75,3.45,3.85,1.8,3.6,4.2,1.83,3.92,4.47,1.8,3.6,4.33,1.83,3.75,4.1,45,1.85,1.78,3.92,3.64,4.47,4.08,31,1.83,1.73,2.1,2,23,-0.75,2.14,2.04,1.83,1.78,1.62,4.28,5.73
EC,10/09/16,Barrow,Boreham Wood,1,1,D,0,0,D,D Richardson,2,3,0,0,2.2,3.4,3.2,2.1,3.25,3.1,2.1,3.05,3,2.25,3.25,3.2,2.31,3.41,3.35,2.05,3.25,3.4,2.2,3.3,3.25,53,2.36,2.2,3.41,3.15,3.35,3.13,40,2.12,2.02,1.8,1.73,25,-0.25,2.02,1.93,1.94,1.88,2.19,3.46,3.58
EC,10/09/16,Braintree Town,Gateshead,1,4,A,0,1,A,N Hair,2,2,0,0,2.75,3.3,2.5,2.45,3,2.7,2.5,3,2.5,2.7,3.1,2.62,2.78,3.28,2.77,2.5,3.25,2.8,2.63,3.25,2.7,53,2.78,2.6,3.33,3.14,2.9,2.63,38,2.12,2.04,1.79,1.71,24,0,1.98,1.89,1.98,1.9,2.76,3.12,2.92
EC,10/09/16,Bromley,Macclesfield,0,1,A,0,1,A,A Quelch,0,3,0,0,2.75,3.6,2.38,2.7,3.4,2.25,2.7,3.15,2.3,2.8,3.3,2.4,2.92,3.45,2.55,2.7,3.3,2.4,2.8,3.5,2.4,53,3,2.77,3.6,3.3,2.6,2.39,41,1.91,1.81,2.02,1.93,25,0.25,1.8,1.75,2.19,2.07,2.93,3.45,2.54
EC,10/09/16,Dover Athletic,Forest Green,4,3,H,1,1,D,S Ross,1,5,0,0,2.75,3.4,2.45,2.65,3.2,2.4,2.55,3.1,2.4,2.75,3.2,2.5,2.88,3.35,2.64,2.6,3.2,2.75,2.75,3.4,2.5,53,2.88,2.67,3.45,3.21,2.75,2.52,41,1.97,1.85,2,1.89,27,0,2.07,1.97,1.87,1.83,3.16,3.32,2.46
EC,10/09/16,Eastleigh,Southport,1,1,D,0,0,D,A Bromley,1,0,0,0,1.36,4.75,8.5,1.36,4.2,7.25,1.3,4.5,7.25,1.33,5,9,1.34,5.59,9.93,1.36,4.5,9,1.33,5.2,9,53,1.37,1.33,5.59,4.84,9.93,8.25,38,1.63,1.58,2.37,2.25,25,-1.25,1.83,1.74,2.18,2.09,1.54,4.59,6.33
EC,10/09/16,Guiseley,Woking,1,1,D,0,0,D,A Backhouse,0,0,0,0,2.38,3.6,2.75,2.15,3.4,2.85,2.25,3.25,2.65,2.4,3.4,2.8,2.5,3.61,2.87,2.4,3.3,2.88,2.45,3.6,2.7,53,2.55,2.37,3.62,3.38,3,2.74,37,1.74,1.67,2.2,2.1,25,-0.25,2.22,2.09,1.8,1.74,2.49,3.63,2.85
EC,10/09/16,North Ferriby,Maidstone,0,2,A,0,1,A,P Wright,2,2,0,1,3.2,3.6,2.1,2.7,3.4,2.25,2.95,3.2,2.1,3.2,3.4,2.2,3.35,3.49,2.27,3.2,3.3,2.25,3.13,3.5,2.2,53,3.35,3.05,3.6,3.33,2.35,2.2,42,1.92,1.83,2.01,1.91,26,0.25,2,1.9,1.98,1.91,3.34,3.65,2.22
EC,10/09/16,Solihull,Dag and Red,2,5,A,0,2,A,R Johnson,1,1,0,0,3,3.6,2.2,3.1,3.3,2.05,2.85,3.2,2.15,3,3.4,2.25,3.2,3.57,2.31,2.88,3.3,2.4,3,3.5,2.25,53,3.2,2.96,3.6,3.36,2.4,2.22,40,1.84,1.77,2.08,1.97,26,0.25,1.92,1.85,2.02,1.96,3.77,3.84,2
EC,10/09/16,Torquay,York,2,0,H,2,0,H,C Hatzidakis,1,1,0,0,2.38,3.6,2.75,2.3,3.4,2.65,2.25,3.2,2.7,2.3,3.4,2.9,2.44,3.54,3,2.6,3.25,2.7,2.38,3.4,2.88,53,2.6,2.34,3.6,3.34,3,2.8,36,1.85,1.79,2.05,1.93,23,-0.25,2.1,2.03,1.85,1.78,2.4,3.63,3.01
EC,10/09/16,Tranmere,Lincoln,0,1,A,0,0,D,M Coy,2,3,0,0,1.95,3.6,3.6,1.91,3.4,3.4,1.9,3.25,3.35,2.05,3.4,3.6,2.07,3.57,3.81,2.1,3.3,3.5,2,3.6,3.5,52,2.1,1.99,3.6,3.41,3.81,3.49,42,1.92,1.81,2.06,1.94,25,-0.25,1.8,1.75,2.14,2.07,2.08,3.58,3.78
EC,10/09/16,Wrexham,Sutton,1,0,H,0,0,D,K Evans,2,2,0,0,2.2,3.6,3,2.15,3.4,2.85,2.1,3.25,2.95,2.2,3.4,3.2,2.28,3.52,3.31,2.15,3.3,3.1,2.15,3.5,3.25,52,2.28,2.16,3.6,3.38,3.31,3.09,40,1.93,1.83,2.02,1.91,24,-0.25,1.97,1.88,2,1.92,2.22,3.43,3.53
